people_id,name,first_name,middle_name,last_name,suffix,nickname,party_id,party,role_id,role,district,followthemoney_eid,votesmart_id,opensecrets_id,ballotpedia,knowwho_pid,committee_id
8952,"Charles Rangel",Charles,B.,Rangel,,,1,D,1,Rep,HD-NY-13,9654369,26979,N00000964,Charles_Rangel,158984,0
8955,"Nydia Velazquez",Nydia,M.,Velazquez,,,1,D,1,Rep,HD-NY-7,17658223,26975,N00001102,Nydia_Velazquez,158981,0
8957,"Frank Pallone",Frank,,Pallone,Jr.,,1,D,1,Rep,HD-NJ-6,17658803,26951,N00000781,Frank_Pallone,158957,0
8962,"Lois Capps",Lois,,Capps,,,1,D,1,Rep,HD-CA-24,16563796,16886,N00007232,Lois_Capps,158739,0
8963,"Kathy Castor",Kathy,,Castor,,,1,D,1,Rep,HD-FL-14,170335,53825,N00027514,Kathy_Castor,248289,0
8964,"Gerald Connolly",Gerald,E.,Connolly,,Gerry,1,D,1,Rep,HD-VA-11,16577898,95078,N00029891,Gerald_Connolly,267105,0
8965,"Henry Cuellar",Henry,,Cuellar,,,1,D,1,Rep,HD-TX-28,6443275,5486,N00024978,Henry_Cuellar,199164,0
8967,"Diana DeGette",Diana,,DeGette,,,1,D,1,Rep,HD-CO-1,6006202,561,N00006134,Diana_DeGette,158770,0
8970,"Eliot Engel",Eliot,L.,Engel,,,1,D,1,Rep,HD-NY-16,17658812,26972,N00001003,Eliot_Engel,158986,0
8971,"Anna Eshoo",Anna,G.,Eshoo,,,1,D,1,Rep,HD-CA-18,8050793,26741,N00007335,Anna_Eshoo,158731,0
8972,"Bill Foster",Bill,,Foster,,,1,D,1,Rep,HD-IL-11,16623751,101632,N00029139,Bill_Foster,263138,0
8973,"Gene Green",Gene,,Green,,,1,D,1,Rep,HD-TX-29,11053772,27100,N00005870,Gene_Green,159099,0
8975,"Ruben Hinojosa",Ruben,,Hinojosa,,,1,D,1,Rep,HD-TX-15,17658725,291,N00006008,Ruben_Hinojosa_(Texas_congressman),159085,0
8976,"Henry Johnson",Henry,C.,Johnson,Jr.,Hank,1,D,1,Rep,HD-GA-4,17658662,68070,N00027848,Hank_Johnson,248293,0
8979,"Ben Lujan",Ben,Ray,Lujan,,,1,D,1,Rep,HD-NM-3,9025644,102842,N00029562,"Ben_Lujan,_Sr.",266495,0
8981,"Edward Markey",Edward,J.,Markey,,,1,D,2,Sen,HD-MA-5,17658675,26900,N00000270,Edward_Markey,158881,0
8983,"Doris Matsui",Doris,O.,Matsui,,,1,D,1,Rep,HD-CA-6,17658638,28593,N00027459,Doris_Matsui,232639,0
8985,"Jerry McNerney",Jerry,,McNerney,,,1,D,1,Rep,HD-CA-9,6643414,29474,N00026926,Jerry_McNerney,248236,0
8986,"Christopher Murphy",Christopher,S.,Murphy,,,1,D,2,Sen,HD-CT-5,6384200,17189,N00027566,Chris_Murphy_(Connecticut),193324,0
8987,"Bill Pascrell",Bill,,Pascrell,Jr.,,1,D,1,Rep,HD-NJ-9,16580040,478,N00000751,Bill_Pascrell,158959,0
8988,"Janice Schakowsky",Janice,D.,Schakowsky,,,1,D,1,Rep,HD-IL-9,6419995,6387,N00004724,Jan_Schakowsky,158836,0
8989,"Brad Sherman",Brad,,Sherman,,,1,D,1,Rep,HD-CA-30,369166,142,N00006897,Brad_Sherman,158741,0
8994,"Niki Tsongas",Niki,,Tsongas,,,1,D,1,Rep,HD-MA-3,17658789,89417,N00029026,Niki_Tsongas,259708,0
8995,"Debbie Wasserman Schultz",Debbie,,"Wasserman Schultz",,,1,D,1,Rep,HD-FL-23,704716,24301,N00026106,Debbie_Wasserman_Schultz,226499,0
8997,"Peter Welch",Peter,,Welch,,,1,D,1,Rep,HD-VT,9959484,51272,N00000515,Peter_Welch,210068,0
9004,"Tammy Baldwin",Tammy,,Baldwin,,,1,D,2,Sen,HD-WI-2,2924660,3470,N00004367,Tammy_Baldwin,159127,0
9005,"Xavier Becerra",Xavier,,Becerra,,,1,D,1,Rep,HD-CA-34,16562595,26754,N00009774,Xavier_Becerra,158747,0
9010,"Earl Blumenauer",Earl,,Blumenauer,,,1,D,1,Rep,HD-OR-3,4977792,367,N00007727,Earl_Blumenauer,159028,0
9012,"Madeleine Bordallo",Madeleine,Z.,Bordallo,,,1,D,1,Rep,HD-GU,0,1751,N00024866,Madeleine_Bordallo,0,0
9014,"Robert Brady",Robert,A.,Brady,,,1,D,1,Rep,HD-PA-1,17658828,2519,N00001619,Robert_Brady,159031,0
9015,"Corrine Brown",Corrine,,Brown,,,1,D,1,Rep,HD-FL-5,1810160,26797,N00002713,Corrine_Brown,158786,0
9016,"G. Butterfield",G.,K.,Butterfield,,,1,D,1,Rep,HD-NC-1,6135165,41077,N00027035,G.K._Butterfield,224949,0
9017,"Michael Capuano",Michael,E.,Capuano,,,1,D,1,Rep,HD-MA-7,17658790,18883,N00000267,Michael_Capuano,158882,0
9019,"Andre Carson",Andre,,Carson,,,1,D,1,Rep,HD-IN-7,17658782,84917,N00029513,Andr%C3%A9_Carson,263260,0
9021,"Yvette Clarke",Yvette,D.,Clarke,,,1,D,1,Rep,HD-NY-9,5418023,44741,N00026961,Yvette_Clarke,248335,0
9022,"Lacy Clay",Lacy,,Clay,,,1,D,1,Rep,HD-MO-1,3798170,8967,N00012460,William_Lacy_Clay,205779,0
9023,"Emanuel Cleaver",Emanuel,,Cleaver,,,1,D,1,Rep,HD-MO-5,4396432,39507,N00026790,Emanuel_Cleaver,226522,0
9024,"James Clyburn",James,E.,Clyburn,,,1,D,1,Rep,HD-SC-6,5019671,27066,N00002408,James_Clyburn,159060,0
9025,"Steve Cohen",Steve,,Cohen,,,1,D,1,Rep,HD-TN-9,6442808,24340,N00003225,"Steve_Hobbs,_Missouri_Representative",198993,0
9026,"John Conyers",John,,Conyers,Jr.,,1,D,1,Rep,HD-MI-13,17658680,26904,N00004029,John_Conyers_Jr.,158908,0
9027,"Jim Cooper",Jim,,Cooper,,,1,D,1,Rep,HD-TN-5,17658367,48891,N00003132,Jim_Cooper_(Tennessee),211701,0
9029,"Joe Courtney",Joe,,Courtney,,,1,D,1,Rep,HD-CT-2,7236851,30333,N00024842,Joe_Courtney,248833,0
9030,"Elijah Cummings",Elijah,E.,Cummings,,,1,D,1,Rep,HD-MD-7,5430817,345,N00001971,Elijah_Cummings,158891,0
9032,"Danny Davis",Danny,K.,Davis,,,1,D,1,Rep,HD-IL-7,16565454,233,N00004884,Danny_K._Davis,158834,0
9033,"Susan Davis",Susan,A.,Davis,,,1,D,1,Rep,HD-CA-53,2550215,8168,N00009604,Susan_Davis_(California),193104,0
9034,"Peter DeFazio",Peter,A.,DeFazio,,,1,D,1,Rep,HD-OR-4,17658713,27037,N00007781,Peter_DeFazio,159029,0
9035,"Rosa DeLauro",Rosa,L.,DeLauro,,,1,D,1,Rep,HD-CT-3,5349073,26788,N00000615,Rosa_DeLauro,158778,0
9037,"Lloyd Doggett",Lloyd,,Doggett,,,1,D,1,Rep,HD-TX-35,17658622,21689,N00006023,Lloyd_Doggett,159080,0
9038,"Michael Doyle",Michael,F.,Doyle,,,1,D,1,Rep,HD-PA-14,13005560,55925,N00001373,Michael_Doyle_(Pennsylvania_Congress),159048,0
9040,"Donna Edwards",Donna,F.,Edwards,,,1,D,1,Rep,HD-MD-4,14547691,65085,N00028249,Donna_Edwards,265644,0
9041,"Keith Ellison",Keith,,Ellison,,,1,D,1,Rep,HD-MN-5,6515997,38982,N00028257,Keith_Ellison_(Minnesota),212972,0
9042,"Sam Farr",Sam,,Farr,,,1,D,1,Rep,HD-CA-20,2022689,26745,N00007312,Sam_Farr,158734,0
9043,"Chaka Fattah",Chaka,,Fattah,,,1,D,1,Rep,HD-PA-2,16565456,21850,N00001746,Chaka_Fattah,159032,0
9045,"Marcia Fudge",Marcia,L.,Fudge,,,1,D,1,Rep,HD-OH-11,14904741,110640,N00030490,Marcia_Fudge,271756,0
9047,"Kirsten Gillibrand",Kirsten,E.,Gillibrand,,,1,D,2,Sen,HD-NY-20,1577524,65147,N00027658,Kirsten_Gillibrand,248345,0
9049,"Alan Grayson",Alan,,Grayson,,,1,D,1,Rep,HD-FL-9,715393,68184,N00028418,Alan_Grayson,266895,0
9050,"Al Green",Al,,Green,,,1,D,1,Rep,HD-TX-9,11567524,49680,N00026686,Al_Green_(Texas),226547,0
9051,"Raul Grijalva",Raul,M.,Grijalva,,,1,D,1,Rep,HD-AZ-3,17657668,28253,N00025284,Raul_Grijalva,211719,0
9052,"Luis Gutierrez",Luis,V.,Gutierrez,,,1,D,1,Rep,HD-IL-4,12430974,26841,N00004874,Luis_Gutierrez,158831,0
9056,"Alcee Hastings",Alcee,L.,Hastings,,,1,D,1,Rep,HD-FL-20,17657879,26798,N00002884,Alcee_Hastings,158806,0
9057,"Martin Heinrich",Martin,,Heinrich,,,1,D,2,Sen,HD-NM-1,8939798,74517,N00029835,Martin_Heinrich,266934,0
9058,"Brian Higgins",Brian,,Higgins,,,1,D,1,Rep,HD-NY-26,4689854,23127,N00027060,Brian_Higgins,197797,0
9059,"James Himes",James,A.,Himes,,,1,D,1,Rep,HD-CT-4,14257522,106744,N00029070,Jim_Himes,266938,0
9061,"Mazie Hirono",Mazie,K.,Hirono,,,1,D,2,Sen,HD-HI-2,6401094,1677,N00028139,Mazie_Hirono,248294,0
9064,"Michael Honda",Michael,M.,Honda,,,1,D,1,Rep,HD-CA-17,2053195,9674,N00012611,Mike_Honda,193052,0
9065,"Steny Hoyer",Steny,H.,Hoyer,,,1,D,1,Rep,HD-MD-5,5702081,26890,N00001821,Steny_Hoyer,158889,0
9066,"Steve Israel",Steve,,Israel,,,1,D,1,Rep,HD-NY-3,17657535,55440,N00013345,Steve_Israel,207705,0
9068,"Sheila Jackson-Lee",Sheila,,Jackson-Lee,,,1,D,1,Rep,HD-TX-18,6716263,21692,N00005818,Sheila_Jackson_Lee,159088,0
9069,"Eddie Johnson",Eddie,Bernice,Johnson,,,1,D,1,Rep,HD-TX-30,17658377,27098,N00008122,Eddie_Bernice_Johnson,159100,0
9070,"Marcy Kaptur",Marcy,,Kaptur,,,1,D,1,Rep,HD-OH-9,3503114,27016,N00003522,Marcy_Kaptur,159009,0
9073,"Ron Kind",Ron,,Kind,,,1,D,1,Rep,HD-WI-3,15167032,630,N00004403,Ron_Kind,159128,0
9075,"James Langevin",James,R.,Langevin,,,1,D,1,Rep,HD-RI-2,5029414,55787,N00009724,Jim_Langevin,207711,0
9076,"Rick Larsen",Rick,,Larsen,,,1,D,1,Rep,HD-WA-2,17657616,56231,N00009759,Rick_Larsen,124078,0
9077,"John Larson",John,B.,Larson,,,1,D,1,Rep,HD-CT-1,16565470,17188,N00000575,John_Larson_(Connecticut),158776,0
9078,"Barbara Lee",Barbara,,Lee,,,1,D,1,Rep,HD-CA-13,1263932,8315,N00008046,Barbara_Lee_(California),158726,0
9079,"Sander Levin",Sander,M.,Levin,,,1,D,1,Rep,HD-MI-9,782914,26918,N00003950,Sandy_Levin,158906,0
9080,"John Lewis",John,,Lewis,,,1,D,1,Rep,HD-GA-5,6942266,26820,N00002577,John_Lewis_(Georgia),158811,0
9081,"Daniel Lipinski",Daniel,,Lipinski,,,1,D,1,Rep,HD-IL-3,17658586,33692,N00027239,Daniel_Lipinski,226508,0
9082,"David Loebsack",David,,Loebsack,,,1,D,1,Rep,HD-IA-2,6321205,68964,N00027741,Dave_Loebsack,248296,0
9083,"Zoe Lofgren",Zoe,,Lofgren,,,1,D,1,Rep,HD-CA-19,761620,21899,N00007479,Zoe_Lofgren,158733,0
9084,"Nita Lowey",Nita,M.,Lowey,,,1,D,1,Rep,HD-NY-17,4674617,26982,N00001024,Nita_Lowey,158987,0
9085,"Stephen Lynch",Stephen,F.,Lynch,,,1,D,1,Rep,HD-MA-8,1819740,4844,N00013855,Stephen_Lynch,195035,0
9086,"Carolyn Maloney",Carolyn,B.,Maloney,,,1,D,1,Rep,HD-NY-12,17658243,26978,N00000078,Carolyn_Maloney,158983,0
9089,"Betty McCollum",Betty,,McCollum,,,1,D,1,Rep,HD-MN-4,6428407,3812,N00012942,Betty_McCollum,195933,0
9090,"Jim McDermott",Jim,,McDermott,,,1,D,1,Rep,HD-WA-7,3526222,140387,N00009829,Jim_McDermott_(Alaska),159123,0
9095,"Gwen Moore",Gwen,,Moore,,,1,D,1,Rep,HD-WI-4,2653235,3457,N00026914,Gwen_Moore,199871,0
9099,"Jerrold Nadler",Jerrold,,Nadler,,,1,D,1,Rep,HD-NY-10,17658246,26980,N00000939,Jerrold_Nadler,158977,0
9100,"Eleanor Norton",Eleanor,Holmes,Norton,,,1,D,1,Rep,HD-DC,18929695,775,N00001692,Eleanor_Holmes_Norton,158782,0
9107,"Gary Peters",Gary,C.,Peters,,,1,D,2,Sen,HD-MI-14,363232,8749,N00029277,Gary_Peters,195614,0
9108,"Pedro Pierluisi",Pedro,R.,Pierluisi,,,6,N,1,Rep,HD-PR,0,110894,N00029168,Pedro_Pierluisi_Urrutia,0,0
9109,"Chellie Pingree",Chellie,,Pingree,,,1,D,1,Rep,HD-ME-1,1656640,6586,N00013817,Chellie_Pingree,267137,0
9110,"Jared Polis",Jared,,Polis,,,1,D,1,Rep,HD-CO-2,658962,106220,N00029127,Jared_Polis,267142,0
9112,"David Price",David,E.,Price,,,1,D,1,Rep,HD-NC-4,6891915,119,N00002260,David_Price,158937,0
9117,"Lucille Roybal-Allard",Lucille,,Roybal-Allard,,,1,D,1,Rep,HD-CA-40,12450156,26766,N00006671,Lucille_Roybal-Allard,158750,0
9118,"C.A. Ruppersberger",C.A.,Dutch,Ruppersberger,,,1,D,1,Rep,HD-MD-2,17658031,36130,N00025482,Dutch_Ruppersberger,120144,0
9119,"Bobby Rush",Bobby,L.,Rush,,,1,D,1,Rep,HD-IL-1,17657928,26831,N00004887,Bobby_Rush,158828,0
9120,"Tim Ryan",Tim,,Ryan,,,1,D,1,Rep,HD-OH-13,2850732,45638,N00025280,Tim_Ryan_(Ohio),208806,0
9121,"Linda Sanchez",Linda,T.,Sanchez,,,1,D,1,Rep,HD-CA-38,17657762,29674,N00024870,Linda_S%C3%A1nchez,211684,0
9122,"Loretta Sanchez",Loretta,,Sanchez,,,1,D,1,Rep,HD-CA-46,793908,203,N00008274,Loretta_Sanchez,158763,0
9123,"John Sarbanes",John,P.,Sarbanes,,,1,D,1,Rep,HD-MD-3,17658676,66575,N00027751,John_Sarbanes,248303,0
9124,"Adam Schiff",Adam,B.,Schiff,,,1,D,1,Rep,HD-CA-28,15203357,9489,N00009585,Adam_Schiff,193010,0
9126,"David Scott",David,,Scott,,,1,D,1,Rep,HD-GA-13,13011507,7826,N00024871,David_Scott_(Georgia),193670,0
9127,"Robert Scott",Robert,C.,Scott,,Bobby,1,D,1,Rep,HD-VA-3,17658728,173269,N00002147,Robert_Scott_(Delaware),159106,0
9128,"Jose Serrano",Jose,E.,Serrano,,,1,D,1,Rep,HD-NY-15,17391438,26981,N00001813,Jose_Serrano,158985,0
9131,"Albio Sires",Albio,,Sires,,,1,D,1,Rep,HD-NJ-8,6389364,22510,N00027523,Albio_Sires,197402,0
9133,"Louise Slaughter",Louise,McIntosh,Slaughter,,,1,D,1,Rep,HD-NY-25,17658702,26991,N00001311,Louise_Slaughter,158997,0
9134,"Jackie Speier",Jackie,,Speier,,,1,D,1,Rep,HD-CA-14,12997061,8425,N00029649,Jackie_Speier,192997,0
9137,"Bennie Thompson",Bennie,G.,Thompson,,,1,D,1,Rep,HD-MS-2,8348996,26929,N00003288,Bennie_Thompson,158929,0
9138,"Mike Thompson",Mike,,Thompson,,,1,D,1,Rep,HD-CA-5,1952480,3564,N00007419,Mike_Thompson_(California),158718,0
9140,"Dina Titus",Dina,,Titus,,,1,D,1,Rep,HD-NV-1,12996791,2629,N00030191,Dina_Titus,197530,0
9141,"Chris Van Hollen",Chris,,"Van Hollen",,,1,D,1,Rep,SD-MD,5552236,6098,N00013820,Chris_Van_Hollen,195215,0
9142,"Peter Visclosky",Peter,J.,Visclosky,,,1,D,1,Rep,HD-IN-1,16562743,26851,N00003813,Peter_Visclosky,158848,0
9143,"Timothy Walz",Timothy,J.,Walz,,,1,D,1,Rep,HD-MN-1,9202001,65443,N00027467,Tim_Walz,248305,0
9144,"Maxine Waters",Maxine,,Waters,,,1,D,1,Rep,HD-CA-43,1257359,26759,N00006690,Maxine_Waters,158752,0
9150,"John Yarmuth",John,A.,Yarmuth,,,1,D,1,Rep,HD-KY-3,7155937,58579,N00028073,John_Yarmuth,248302,0
9151,"Sanford Bishop",Sanford,D.,Bishop,Jr.,,1,D,1,Rep,HD-GA-2,5134027,26817,N00002674,Sanford_Bishop_Jr.,158808,0
9154,"Collin Peterson",Collin,C.,Peterson,,,1,D,1,Rep,HD-MN-7,16588347,26926,N00004558,Collin_Peterson,158917,0
9157,"Mario Diaz-Balart",Mario,,Diaz-Balart,,,2,R,1,Rep,HD-FL-21,12999048,24312,N00025337,Mario_Diaz-Balart,193508,0
9160,"James McGovern",James,P.,McGovern,,,1,D,1,Rep,HD-MA-2,17658594,552,N00000179,James_J._McGovern,158877,0
9161,"Gregory Meeks",Gregory,W.,Meeks,,,1,D,1,Rep,HD-NY-5,17658810,4360,N00001171,Gregory_Meeks,158975,0
9162,"Tim Murphy",Tim,,Murphy,,,2,R,1,Rep,HD-PA-18,0,9794,N00024992,Tim_Murphy_(Pennsylvania),198209,0
9164,"Ileana Ros-Lehtinen",Ileana,,Ros-Lehtinen,,,2,R,1,Rep,HD-FL-18,9685208,26815,N00002858,Ileana_Ros-Lehtinen,158801,0
9165,"Gregorio Sablan",Gregorio,,Sablan,,,3,I,1,Rep,HD-MP,0,110903,N00030418,Gregorio_Sablan,274097,0
9167,"Paul Tonko",Paul,D.,Tonko,,,1,D,1,Rep,HD-NY-20,4469600,4403,N00030196,Paul_Tonko,197757,0
9168,"Don Young",Don,,Young,,,2,R,1,Rep,HD-AK,17658637,26717,N00007999,Don_Young_(Alaska),158699,0
9171,"Joe Barton",Joe,,Barton,,,2,R,1,Rep,HD-TX-6,11211974,27082,N00005656,Joe_Barton,159076,0
9172,"Marsha Blackburn",Marsha,,Blackburn,,,2,R,1,Rep,SD-TN,6654369,25186,N00003105,Marsha_Blackburn,198986,0
9173,"Kevin Brady",Kevin,,Brady,,,2,R,1,Rep,HD-TX-8,11362722,361,N00005883,Kevin_Brady_(Texas),159078,0
9175,"Vern Buchanan",Vern,,Buchanan,,,2,R,1,Rep,HD-FL-16,17658661,66247,N00027626,Vern_Buchanan,250707,0
9176,"Michael Burgess",Michael,C.,Burgess,,,2,R,1,Rep,HD-TX-26,17658442,50120,N00025219,Michael_Burgess,211708,0
9177,"Michael Conaway","K. Michael",,Conaway,,,2,R,1,Rep,HD-TX-11,11428119,49935,N00026041,Mike_Conaway_(Texas),226553,0
9178,"Ander Crenshaw",Ander,,Crenshaw,,,2,R,1,Rep,HD-FL-4,17657418,31130,N00012739,Ander_Crenshaw,205747,0
9179,"John Culberson",John,Abney,Culberson,,,2,R,1,Rep,HD-TX-7,6646293,5488,N00009738,John_Culberson,199253,0
9181,"John Duncan",John,J.,Duncan,Jr.,,2,R,1,Rep,HD-TN-2,9391265,27069,N00003209,John_Duncan_Jr.,159063,0
9182,"Kay Granger",Kay,,Granger,,,2,R,1,Rep,HD-TX-12,17658723,334,N00008799,Kay_Granger,159082,0
9185,"Dean Heller",Dean,,Heller,,,2,R,2,Sen,SD-NV,6596477,2291,N00027522,Dean_Heller,218940,0
9186,"Jeb Hensarling",Jeb,,Hensarling,,,2,R,1,Rep,HD-TX-5,17658386,49827,N00024922,Jeb_Hensarling,211722,0
9188,"Sam Johnson",Sam,,Johnson,,,2,R,1,Rep,HD-TX-3,17658383,27079,N00008028,Sam_Johnson_(Texas_congressman),159073,0
9191,"Kenny Marchant",Kenny,,Marchant,,,2,R,1,Rep,HD-TX-24,13007002,5549,N00026710,Kenny_Marchant,199221,0
9192,"Michael McCaul",Michael,T.,McCaul,,,2,R,1,Rep,HD-TX-10,15456789,49210,N00026460,Michael_McCaul,226551,0
9193,"Cathy McMorris Rodgers",Cathy,,"McMorris Rodgers",,,2,R,1,Rep,HD-WA-5,2941046,3217,N00026314,Cathy_McMorris_Rodgers,199779,0
9194,"Jeff Miller",Jeff,,Miller,,,2,R,1,Rep,HD-FL-1,17657833,17276,N00013846,Jeff_Miller_(Nevada),209116,0
9195,"Randy Neugebauer",Randy,,Neugebauer,,,2,R,1,Rep,HD-TX-19,17658627,49522,N00026043,Randy_Neugebauer,216187,0
9197,"Bill Posey",Bill,,Posey,,,2,R,1,Rep,HD-FL-8,12998616,24280,N00029662,Bill_Posey,193543,0
9199,"David Reichert",David,G.,Reichert,,,2,R,1,Rep,HD-WA-8,3576336,51346,N00026885,Dave_Reichert,226565,0
9200,"Pete Sessions",Pete,,Sessions,,,2,R,1,Rep,HD-TX-32,10838573,288,N00005681,Pete_Sessions,159075,0
9201,"Adam Smith",Adam,,Smith,,,1,D,1,Rep,HD-WA-9,17658734,845,N00007833,Adam_Smith_(Washington),159125,0
9202,"Lamar Smith",Lamar,,Smith,,,2,R,1,Rep,HD-TX-21,17658727,27097,N00001811,Lamar_Smith,159091,0
9209,"Gus Bilirakis",Gus,M.,Bilirakis,,,2,R,1,Rep,HD-FL-12,12998704,17318,N00027462,Gus_Bilirakis,193559,0
9210,"John Boozman",John,,Boozman,,,2,R,2,Sen,HD-AR-3,9687692,27958,N00013873,John_Boozman,209930,0
9211,"Ken Calvert",Ken,,Calvert,,,2,R,1,Rep,HD-CA-42,2378663,26777,N00007099,Ken_Calvert,158760,0
9212,"Shelley Capito",Shelley,Moore,Capito,,,2,R,2,Sen,HD-WV-2,6651319,11701,N00009771,Shelley_Moore_Capito,200084,0
9213,"Tom Cole",Tom,,Cole,,,2,R,1,Rep,HD-OK-4,14964187,46034,N00025726,Tom_Cole_(Oklahoma),211693,0
9214,"John Fleming",John,,Fleming,,,2,R,1,Rep,HD-LA-4,17660695,108811,N00029679,John_Fleming_(Louisiana),266860,0
9215,"Jeff Fortenberry",Jeff,,Fortenberry,,,2,R,1,Rep,HD-NE-1,17658605,41929,N00026631,Jeff_Fortenberry,226527,0
9216,"Robert Latta",Robert,E.,Latta,,,2,R,1,Rep,HD-OH-5,3428798,9926,N00012233,Bob_Latta,209172,0
9217,"Tom McClintock",Tom,,McClintock,,,2,R,1,Rep,HD-CA-4,2481759,9715,N00006863,Tom_McClintock,193067,0
9219,"John Mica",John,L.,Mica,,,2,R,1,Rep,HD-FL-7,16307740,26805,N00002793,John_Mica,158790,0
9220,"Mike D. Rogers",Mike,D.,Rogers,,,2,R,1,Rep,HD-AL-3,6571477,5705,N00024759,Mike_Rogers_(Alabama),192661,0
9222,"Michael Simpson",Michael,K.,Simpson,,,2,R,1,Rep,HD-ID-2,7913824,2917,N00006263,Michael_Simpson_(Idaho),158827,0
9225,"Mike Coffman",Mike,,Coffman,,,2,R,1,Rep,HD-CO-6,12998053,1535,N00024753,Mike_Coffman_(Colorado),251692,0
9228,"Duncan Hunter",Duncan,D.,Hunter,,,2,R,1,Rep,HD-CA-50,17658760,104308,N00029258,Duncan_Hunter,272496,0
9231,"Edward Royce",Edward,R.,Royce,,,2,R,1,Rep,HD-CA-39,390709,70848,N00008264,Edward_Royce,158756,0
9232,"James Sensenbrenner","F. James",,Sensenbrenner,Jr.,,2,R,1,Rep,HD-WI-5,3273057,27142,N00004291,Jim_Sensenbrenner,159134,0
9233,"Grace Napolitano",Grace,F.,Napolitano,,,1,D,1,Rep,HD-CA-32,774257,8393,N00006789,Grace_Napolitano,158751,0
9234,"Judy Chu",Judy,,Chu,,,1,D,1,Rep,HD-CA-27,1258090,16539,N00030600,Judy_Chu,209456,0
9237,"Christopher Smith",Christopher,H.,Smith,,,2,R,1,Rep,HD-NJ-4,17658186,26952,N00009816,Chris_Smith_(New_Jersey),158955,0
9243,"Rob Bishop",Rob,,Bishop,,,2,R,1,Rep,HD-UT-1,15107372,50544,N00025292,Rob_Bishop,211710,0
9244,"Roy Blunt",Roy,,Blunt,,,2,R,2,Sen,HD-MO-7,3837002,418,N00005195,Roy_Blunt,158925,0
9247,"Charles Boustany",Charles,W.,Boustany,Jr.,,2,R,1,Rep,HD-LA-3,422681,35514,N00026595,Charles_Boustany_Jr.,228684,0
9254,"John Carter",John,R.,Carter,,,2,R,1,Rep,HD-TX-31,17658461,49296,N00025095,John_Carter_(Texas),211726,0
9255,"Bill Cassidy",Bill,,Cassidy,,,2,R,2,Sen,HD-LA-6,6673315,69494,N00030245,Bill_Cassidy,266763,0
9257,"Jason Chaffetz",Jason,,Chaffetz,,,2,R,1,Rep,HD-UT-3,9875071,103482,N00028958,Jason_Chaffetz,239356,0
9261,"Joseph Crowley",Joseph,,Crowley,,,1,D,1,Rep,HD-NY-14,4876353,4295,N00001127,Joseph_Crowley,158976,0
9264,"Charles Dent",Charles,W.,Dent,,,2,R,1,Rep,HD-PA-15,6568974,9121,N00026171,Charlie_Dent,198188,0
9265,"Joe Donnelly",Joe,,Donnelly,,,1,D,2,Sen,SD-IN,7409487,34212,N00026586,Joe_Donnelly,248299,0
9269,"Virginia Foxx",Virginia,,Foxx,,,2,R,1,Rep,HD-NC-5,6285984,6051,N00026166,Virginia_Foxx,196515,0
9270,"Rodney Frelinghuysen",Rodney,P.,Frelinghuysen,,,2,R,1,Rep,HD-NJ-11,6513034,22177,N00000684,Rodney_Frelinghuysen,158962,0
9271,"Scott Garrett",Scott,,Garrett,,,2,R,1,Rep,HD-NJ-5,6586028,4430,N00000743,Scott_Garrett_(New_Jersey),211686,0
9273,"Sam Graves",Sam,,Graves,,,2,R,1,Rep,HD-MO-6,3836803,9425,N00013323,Sam_Graves,195969,0
9274,"Brett Guthrie",Brett,,Guthrie,,,2,R,1,Rep,HD-KY-2,6573540,18829,N00029675,Brett_Guthrie,194385,0
9279,"Darrell Issa",Darrell,E.,Issa,,,2,R,1,Rep,HD-CA-49,61054,16553,N00007017,Darrell_Issa,205554,0
9280,"Lynn Jenkins",Lynn,,Jenkins,,,2,R,1,Rep,HD-KS-2,6612389,18594,N00029077,Lynn_Jenkins,208581,0
9282,"Walter Jones",Walter,B.,Jones,Jr.,,2,R,1,Rep,HD-NC-3,17658130,21785,N00002299,Walter_Jones,158936,0
9283,"Peter King",Peter,T.,King,,,2,R,1,Rep,HD-NY-2,17658227,26968,N00001193,Peter_King,158972,0
9284,"Steve King",Steve,,King,,,2,R,1,Rep,HD-IA-4,6587767,10853,N00025237,Steve_King_(Iowa),193968,0
9285,"Ann Kirkpatrick",Ann,,Kirkpatrick,,,1,D,1,Rep,HD-AZ-1,6459062,28425,N00029260,Ann_Kirkpatrick,227470,0
9287,"John Kline",John,,Kline,,,2,R,1,Rep,HD-MN-2,17658796,20311,N00004436,John_Kline,211681,0
9289,"Leonard Lance",Leonard,,Lance,,,2,R,1,Rep,HD-NJ-7,13008942,4443,N00000898,Leonard_Lance,197381,0
9293,"Frank LoBiondo",Frank,A.,LoBiondo,,,2,R,1,Rep,HD-NJ-2,17658180,21890,N00000851,Frank_LoBiondo,158953,0
9294,"Frank Lucas",Frank,D.,Lucas,,,2,R,1,Rep,HD-OK-3,17658609,27032,N00005559,Frank_Lucas,159025,0
9295,"Blaine Luetkemeyer",Blaine,,Luetkemeyer,,,2,R,1,Rep,HD-MO-3,4243467,20400,N00030026,Blaine_Luetkemeyer,196108,0
9296,"Cynthia Lummis",Cynthia,M.,Lummis,,,2,R,1,Rep,HD-WY,6365823,15546,N00029788,Cynthia_Lummis,240578,0
9302,"Candice Miller",Candice,S.,Miller,,,2,R,1,Rep,HD-MI-10,13010776,2062,N00009795,Candice_Miller,211716,0
9305,"Jerry Moran",Jerry,,Moran,,,2,R,2,Sen,HD-KS-1,19889609,542,N00005282,Jerry_Moran,158858,0
9307,"Richard Neal",Richard,E.,Neal,,,1,D,1,Rep,HD-MA-1,17441075,26895,N00000153,Richard_Neal,158876,0
9308,"Erik Paulsen",Erik,,Paulsen,,,2,R,1,Rep,HD-MN-3,17658795,3833,N00029391,Erik_Paulsen,195908,0
9309,"Ed Perlmutter",Ed,,Perlmutter,,,1,D,1,Rep,HD-CO-7,6276954,2653,N00027510,Ed_Perlmutter,193129,0
9311,"Ted Poe",Ted,,Poe,,,2,R,1,Rep,HD-TX-2,16584997,49198,N00026457,Ted_Poe,226545,0
9312,"Mike Quigley",Mike,,Quigley,,,1,D,1,Rep,HD-IL-5,8785226,83310,N00030581,Mike_Quigley,277349,0
9315,"David Roe",David,P.,Roe,,,2,R,1,Rep,HD-TN-1,2886736,65306,N00028463,Phil_Roe,267171,0
9316,"Thomas Rooney",Thomas,J.,Rooney,,,2,R,1,Rep,HD-FL-17,0,107800,N00029018,Thomas_Rooney_(Florida),267175,0
9320,"Aaron Schock",Aaron,,Schock,,,2,R,1,Rep,HD-IL-18,6656178,33428,N00029273,Aaron_Schock,228382,0
9321,"Kurt Schrader",Kurt,,Schrader,,,1,D,1,Rep,HD-OR-5,22206618,10813,N00030071,Kurt_Schrader,198136,0
9322,"John Shimkus",John,,Shimkus,,,2,R,1,Rep,HD-IL-15,17657969,246,N00004961,John_Shimkus,158847,0
9323,"Bill Shuster",Bill,,Shuster,,,2,R,1,Rep,HD-PA-9,17658321,55693,N00013770,Bill_Shuster,209249,0
9324,"Adrian Smith",Adrian,,Smith,,,2,R,1,Rep,HD-NE-3,6558263,21284,N00027623,Adrian_Smith,196871,0
9329,"Glenn Thompson",Glenn,,Thompson,,,2,R,1,Rep,HD-PA-5,4811486,24046,N00029736,Glenn_Thompson_(Pennsylvania),267269,0
9330,"Mac Thornberry",Mac,,Thornberry,,,2,R,1,Rep,HD-TX-13,17658625,21706,N00006052,Mac_Thornberry,159083,0
9332,"Patrick Tiberi",Patrick,J.,Tiberi,,,2,R,1,Rep,HD-OH-12,2781461,8404,N00009699,Patrick_Tiberi,197859,0
9333,"Michael Turner",Michael,R.,Turner,,,2,R,1,Rep,HD-OH-10,17658265,45519,N00025175,Michael_Turner_(Ohio),211690,0
9334,"Fred Upton",Fred,,Upton,,,2,R,1,Rep,HD-MI-6,2001367,26906,N00004133,Fred_Upton,158900,0
9335,"Greg Walden",Greg,,Walden,,,2,R,1,Rep,HD-OR-2,3106417,2979,N00007690,Greg_Walden,159027,0
9337,"Joe Wilson",Joe,,Wilson,,,2,R,1,Rep,HD-SC-2,6644962,3985,N00024809,Joe_Wilson_(South_Carolina),198713,0
9340,"Jim Costa",Jim,,Costa,,,1,D,1,Rep,HD-CA-16,732074,3577,N00026341,Jim_Costa,193005,0
9341,"Louie Gohmert",Louie,,Gohmert,,,2,R,1,Rep,HD-TX-1,11600094,50029,N00026148,Louie_Gohmert,226543,0
9343,"Dana Rohrabacher",Dana,,Rohrabacher,,,2,R,1,Rep,HD-CA-48,9685202,26763,N00007151,Dana_Rohrabacher,158762,0
9344,"Peter Roskam",Peter,J.,Roskam,,,2,R,1,Rep,HD-IL-6,3052886,6382,N00004719,Peter_Roskam,208702,0
9345,"Lynn Westmoreland",Lynn,A.,Westmoreland,,,2,R,1,Rep,HD-GA-3,12999261,8001,N00026163,Lynn_Westmoreland,193800,0
9346,"Robert Aderholt",Robert,B.,Aderholt,,,2,R,1,Rep,HD-AL-4,6307650,441,N00003028,Robert_Aderholt,158703,0
9351,"John Boehner",John,A.,Boehner,,,2,R,1,Rep,HD-OH-8,10184574,27015,N00003675,John_Boehner,159008,0
9357,"Jeff Flake",Jeff,,Flake,,,2,R,2,Sen,SD-AZ,8753041,28128,N00009573,Jeff_Flake,205546,0
9358,"Randy Forbes","J. Randy",,Forbes,,,2,R,1,Rep,HD-VA-4,17658520,5146,N00013799,Randy_Forbes,199396,0
9359,"Trent Franks",Trent,,Franks,,,2,R,1,Rep,HD-AZ-8,1448924,28399,N00006423,Trent_Franks,211720,0
9360,"John Garamendi",John,,Garamendi,,,1,D,1,Rep,HD-CA-3,12997062,29664,N00030856,John_Garamendi,240331,0
9362,"Bob Goodlatte",Bob,,Goodlatte,,,2,R,1,Rep,HD-VA-6,17658523,27116,N00009154,Bob_Goodlatte,159109,0
9363,"Gregg Harper",Gregg,,Harper,,,2,R,1,Rep,HD-MS-3,17658799,101985,N00029632,Gregg_Harper,266921,0
9365,"Jim Jordan",Jim,,Jordan,,,2,R,1,Rep,HD-OH-4,13004893,8158,N00027894,Jim_Jordan_(Ohio),197920,0
9367,"Mark Kirk",Mark,Steven,Kirk,,,2,R,2,Sen,SD-IL,19889347,33502,N00012539,Mark_Kirk,205758,0
9368,"Doug Lamborn",Doug,,Lamborn,,,2,R,1,Rep,HD-CO-5,6368620,2698,N00028133,Doug_Lamborn,193118,0
9371,"Kevin McCarthy",Kevin,,McCarthy,,,2,R,1,Rep,HD-CA-23,331199,28918,N00028152,Kevin_McCarthy_(California),211752,0
9372,"Patrick McHenry",Patrick,T.,McHenry,,,2,R,1,Rep,HD-NC-10,6009425,21031,N00026627,Patrick_McHenry,212009,0
9375,"Devin Nunes",Devin,,Nunes,,,2,R,1,Rep,HD-CA-22,2429326,16725,N00007248,Devin_Nunes,211691,0
9376,"Pete Olson",Pete,,Olson,,,2,R,1,Rep,HD-TX-22,17658836,102008,N00029285,Pete_Olson,164975,0
9378,"Joseph Pitts",Joseph,R.,Pitts,,,2,R,1,Rep,HD-PA-16,17658715,265,N00001633,Joseph_Pitts_(Pennsylvania),159046,0
9379,"Tom Price",Tom,,Price,,,2,R,1,Rep,HD-GA-6,7844765,11853,N00026160,Tom_Price_(Georgia),193697,0
9381,"Harold Rogers",Harold,,Rogers,,,2,R,1,Rep,HD-KY-5,17657470,26875,N00003473,Hal_Rogers,158866,0
9383,"Paul Ryan",Paul,D.,Ryan,,,2,R,1,Rep,HD-WI-1,7432657,26344,N00004357,Paul_Ryan,159126,0
9384,"Steve Scalise",Steve,,Scalise,,,2,R,1,Rep,HD-LA-1,6627583,9026,N00009660,Steve_Scalise,194976,0
9388,"Ed Whitfield",Ed,,Whitfield,,,2,R,1,Rep,HD-KY-1,9240216,21873,N00003467,Ed_Whitfield,158862,0
9389,"Robert Wittman",Robert,J.,Wittman,,,2,R,1,Rep,HD-VA-1,6666723,58133,N00029459,Rob_Wittman,241260,0
9394,"Nancy Pelosi",Nancy,,Pelosi,,,1,D,1,Rep,HD-CA-12,2022063,26732,n00007360,Nancy_Pelosi,158725,0
9395,"Theodore Deutch",Theodore,E.,Deutch,,,1,D,1,Rep,HD-FL-21,6467543,67151,N00031317,Theodore_O._Rogers,248601,0
9398,"Harry Reid",Harry,,Reid,,,1,D,2,Sen,SD-NV,18930590,53320,N00009922,Harry_Reid,165257,0
9401,"Barbara Boxer",Barbara,,Boxer,,,1,D,2,Sen,SD-CA,2545581,53274,N00006692,Barbara_Boxer,165202,0
9402,"Sherrod Brown",Sherrod,,Brown,,,1,D,2,Sen,SD-OH,3439679,27018,N00003535,Sherrod_Brown,159013,0
9403,"Robert Casey",Robert,P.,Casey,Jr.,Bob,1,D,2,Sen,SD-PA,5967054,2541,N00027503,Robert_Casey_(Pennsylvania),240529,0
9405,"Richard Durbin",Richard,,Durbin,,,1,D,2,Sen,SD-IL,3414130,26847,N00004981,Dick_Durbin,165219,0
9408,"Amy Klobuchar",Amy,,Klobuchar,,,1,D,2,Sen,SD-MN,17659011,65092,N00027500,Amy_Klobuchar,248506,0
9412,"Claire McCaskill",Claire,,McCaskill,,,1,D,2,Sen,SD-MO,4742989,2109,N00027694,Claire_McCaskill,240412,0
9413,"Robert Menendez",Robert,,Menendez,,,1,D,2,Sen,SD-NJ,17659015,26961,N00000699,Bob_Menendez,158964,0
9414,"Charles Schumer",Charles,E.,Schumer,,Chuck,1,D,2,Sen,SD-NY,19890086,26976,N00001093,Chuck_Schumer,165260,0
9415,"Debbie Stabenow",Debbie,,Stabenow,,,1,D,2,Sen,SD-MI,10688869,515,N00004118,Debbie_Stabenow,205511,0
9416,"Barbara Mikulski",Barbara,A.,Mikulski,,,1,D,2,Sen,SD-MD,19889207,53304,N00001945,Barbara_Mikulski,165232,0
9417,"Ron Wyden",Ron,,Wyden,,,1,D,2,Sen,SD-OR,5397600,27036,N00007724,Ron_Wyden,165265,0
9422,"Jeanne Shaheen",Jeanne,,Shaheen,,,1,D,2,Sen,SD-NH,2227644,1663,N00024790,Jeanne_Shaheen,209675,0
9423,"Dianne Feinstein",Dianne,,Feinstein,,,1,D,2,Sen,SD-CA,26294,53273,N00007364,Dianne_Feinstein,165201,0
9424,"Patrick Leahy",Patrick,J.,Leahy,,,1,D,2,Sen,SD-VT,19890007,53353,N00009918,Patrick_Leahy_(Vermont),165283,0
9425,"Thomas Carper",Thomas,R.,Carper,,,1,D,2,Sen,SD-DE,8428238,22421,N00012508,Tom_Carper,205484,0
9427,"Maria Cantwell",Maria,,Cantwell,,,1,D,2,Sen,SD-WA,3465258,27122,N00007836,Maria_Cantwell,205537,0
9428,"Lamar Alexander",Lamar,,Alexander,,,2,R,2,Sen,SD-TN,2116345,15691,N00009888,Lamar_Alexander,211704,0
9429,"Bob Corker",Bob,,Corker,,,2,R,2,Sen,SD-TN,9471242,65905,N00027441,Bob_Corker,248423,0
9431,"Patty Murray",Patty,,Murray,,,1,D,2,Sen,SD-WA,18930579,53358,N00007876,Patty_Murray,165286,0
9432,"Bill Nelson",Bill,,Nelson,,,1,D,2,Sen,SD-FL,6416097,1606,N00009926,Bill_Nelson_(Florida),205493,0
9434,"Bernard Sanders",Bernard,,Sanders,,,3,I,2,Sen,SD-VT,9960190,27110,N00000528,Bernie_Sanders,159116,0
9441,"Benjamin Cardin",Benjamin,L.,Cardin,,,1,D,2,Sen,SD-MD,8046162,26888,N00001955,Ben_Cardin,158887,0
9443,"Sheldon Whitehouse",Sheldon,,Whitehouse,,,1,D,2,Sen,SD-RI,373538,2572,N00027533,Sheldon_Whitehouse,248425,0
9444,"John Cornyn",John,,Cornyn,,,2,R,2,Sen,SD-TX,6646197,15375,N00024852,John_Cornyn,211675,0
9445,"Mike Crapo",Mike,,Crapo,,,2,R,2,Sen,SD-ID,19890076,26830,N00006267,Mike_Crapo,165218,0
9448,"John McCain",John,,McCain,,,2,R,2,Sen,SD-AZ,19897785,53270,N00006424,John_McCain,165199,0
9450,"Johnny Isakson",Johnny,,Isakson,,,2,R,2,Sen,SD-GA,7238922,1721,N00002593,Johnny_Isakson,158812,0
9452,"Michael Enzi",Michael,B.,Enzi,,,2,R,2,Sen,SD-WY,6651769,558,N00006249,Mike_Enzi,165292,0
9455,"Jeff Sessions",Jeff,,Sessions,,,2,R,2,Sen,SD-AL,22025634,443,N00003062,Jeff_Sessions,165196,0
9456,"David Vitter",David,,Vitter,,,2,R,2,Sen,SD-LA,19890121,4615,N00009659,David_Vitter,158868,0
9459,"Susan Collins",Susan,M.,Collins,,,2,R,2,Sen,SD-ME,10045641,379,N00000491,Susan_Collins_(Maine),165234,0
9460,"Jack Reed",Jack,,Reed,,,1,D,2,Sen,SD-RI,5584992,27060,N00000362,Jack_Reed,165269,0
9463,"Michael Bennet",Michael,F.,Bennet,,,1,D,2,Sen,SD-CO,5995587,110942,N00030608,Michael_Bennet,274906,0
9469,"Jeff Merkley",Jeff,,Merkley,,,1,D,2,Sen,SD-OR,13005237,23644,N00029303,Jeff_Merkley,198129,0
9471,"Jon Tester",Jon,,Tester,,,1,D,2,Sen,SD-MT,7974707,20928,N00027605,Jon_Tester,196276,0
9472,"Tom Udall",Tom,,Udall,,,1,D,2,Sen,SD-NM,1864753,22658,N00006561,Tom_Udall,158967,0
9473,"Mark Warner",Mark,R.,Warner,,,1,D,2,Sen,SD-VA,6003122,535,N00002097,Mark_Warner,210000,0
9476,"Al Franken",Al,,Franken,,,1,D,2,Sen,SD-MN,1646379,108924,N00029016,Al_Franken,266864,0
9478,"James Inhofe",James,M.,Inhofe,,,2,R,2,Sen,SD-OK,10938141,27027,N00005582,Jim_Inhofe,165264,0
9482,"Pat Roberts",Pat,,Roberts,,,2,R,2,Sen,SD-KS,16368473,26866,N00005285,Pat_Roberts,165224,0
9483,"John Barrasso",John,,Barrasso,,,2,R,2,Sen,SD-WY,10154698,52662,N00006236,John_Barrasso,214311,0
9484,"Chuck Grassley",Chuck,,Grassley,,,2,R,2,Sen,SD-IA,6338995,53293,N00001758,Chuck_Grassley,165215,0
9486,"Richard Burr",Richard,,Burr,,,2,R,2,Sen,SD-NC,6860429,21787,N00002221,Richard_Burr,158938,0
9487,"Thad Cochran",Thad,,Cochran,,,2,R,2,Sen,SD-MS,10931178,53312,N00003328,Thad_Cochran,165241,0
9488,"Lindsey Graham",Lindsey,,Graham,,,2,R,2,Sen,SD-SC,8463292,21992,N00009975,Lindsey_Graham,159057,0
9489,"Orrin Hatch",Orrin,G.,Hatch,,,2,R,2,Sen,SD-UT,1673075,53352,N00009869,Orrin_Hatch,165279,0
9491,"Lisa Murkowski",Lisa,,Murkowski,,,2,R,2,Sen,SD-AK,6604204,15841,N00026050,Lisa_Murkowski,192554,0
9492,"John Thune",John,,Thune,,,2,R,2,Sen,SD-SD,19897787,398,N00004572,John_Thune,159061,0
9493,"Roger Wicker",Roger,F.,Wicker,,,2,R,2,Sen,SD-MS,17659028,21926,N00003280,Roger_Wicker,158928,0
9496,"James Risch",James,E.,Risch,,,2,R,2,Sen,SD-ID,6576171,2919,N00029441,Jim_Risch,213702,0
9497,"Mitch McConnell",Mitch,,McConnell,,,2,R,2,Sen,SD-KY,9284790,53298,N00003389,Mitch_McConnell,165225,0
9500,"Richard Shelby",Richard,C.,Shelby,,,2,R,2,Sen,SD-AL,7384087,53266,N00009920,Richard_Shelby,165195,0
9549,"Tom Graves",Tom,,Graves,,,2,R,1,Rep,HD-GA-14,6801736,31969,N00030788,Tom_Graves,211906,0
9624,"Christopher Coons",Christopher,A.,Coons,,,1,D,2,Sen,SD-DE,5584171,122834,N00031820,Chris_Coons,286419,0
9625,"Joe Manchin",Joe,,Manchin,III,,1,D,2,Sen,SD-WV,7573477,7547,N00032838,Joe_Manchin_III,219013,0
9630,"Tom Reed",Tom,,Reed,II,,2,R,1,Rep,HD-NY-23,17657549,127046,N00030949,Tom_Reed_(New_York),284901,0
11040,"Diane Black",Diane,,Black,,,2,R,1,Rep,HD-TN-6,9363448,25292,N00031539,Diane_Black,199041,0
11041,"Mo Brooks",Mo,,Brooks,,,2,R,1,Rep,HD-AL-5,6668470,121610,N00030910,Mo_Brooks,283897,0
11042,"Larry Bucshon",Larry,,Bucshon,,,2,R,1,Rep,HD-IN-8,7004017,120335,N00031227,Larry_Bucshon,284631,0
11045,"Steve Chabot",Steve,,Chabot,,,2,R,1,Rep,HD-OH-1,16571277,21790,N00003689,Steve_Chabot,159001,0
11047,"Eric Crawford",Eric,A.,Crawford,,Rick,2,R,1,Rep,HD-AR-1,17657353,119208,N00030770,Rick_Crawford_(Arkansas),283914,0
11048,"Sean Duffy",Sean,P.,Duffy,,,2,R,1,Rep,HD-WI-7,2928087,126238,N00030967,Sean_Duffy,284580,0
11049,"Jeff Duncan",Jeff,,Duncan,,,2,R,1,Rep,HD-SC-3,8045191,47967,N00030752,Jeff_Duncan_(South_Carolina),213970,0
11050,"Renee Ellmers",Renee,L.,Ellmers,,,2,R,1,Rep,HD-NC-2,5877139,120897,N00031513,Renee_Ellmers,286876,0
11051,"Bill Flores",Bill,,Flores,,,2,R,1,Rep,HD-TX-17,17657601,116906,N00031545,Bill_Flores,287157,0
11052,"Cory Gardner",Cory,,Gardner,,,2,R,2,Sen,SD-CO,5988870,30004,N00030780,Cory_Gardner,210102,0
11053,"Bob Gibbs",Bob,,Gibbs,,,2,R,1,Rep,HD-OH-7,3104545,45466,N00031128,Bob_Gibbs,212534,0
11054,"Paul Gosar",Paul,A.,Gosar,,,2,R,1,Rep,HD-AZ-4,8461058,123491,N00030771,Paul_Gosar,283933,0
11055,"Trey Gowdy",Trey,,Gowdy,,,2,R,1,Rep,HD-SC-4,8346850,121782,N00030880,Trey_Gowdy,285066,0
11056,"Vicky Hartzler",Vicky,,Hartzler,,,2,R,1,Rep,HD-MO-4,955870,8783,N00031005,Vicky_Hartzler,284768,0
11057,"Tim Huelskamp",Tim,,Huelskamp,,,2,R,1,Rep,HD-KS-1,6625753,12571,N00027649,Tim_Huelskamp,194590,0
11058,"Bill Huizenga",Bill,,Huizenga,,,2,R,1,Rep,HD-MI-2,6574786,38351,N00030673,Bill_Huizenga,288017,0
11059,"Bill Johnson",Bill,,Johnson,,,2,R,1,Rep,HD-OH-6,17657550,120649,N00032088,Bill_Johnson_(Ohio),287357,0
11060,"Adam Kinzinger",Adam,,Kinzinger,,,2,R,1,Rep,HD-IL-16,17657449,116559,N00030667,Adam_Kinzinger,284452,0
11061,"James Lankford",James,,Lankford,,,2,R,2,Sen,HD-OK-5,17657561,124938,N00031129,James_Lankford,284972,0
11062,"Billy Long",Billy,,Long,,,2,R,1,Rep,HD-MO-7,4394340,123401,N00030676,Billy_Long,284784,0
11063,"David McKinley",David,B.,McKinley,,,2,R,1,Rep,HD-WV-1,7565199,117396,N00031681,David_McKinley,284510,0
11064,"Mick Mulvaney",Mick,,Mulvaney,,,2,R,1,Rep,HD-SC-5,6670008,60348,N00031412,Mick_Mulvaney,249811,0
11065,"Alan Nunnelee",Alan,,Nunnelee,,,2,R,1,Rep,HD-MS-1,6611728,8326,N00031006,Alan_Nunnelee,196176,0
11066,"Stevan Pearce",Stevan,,Pearce,,,2,R,1,Rep,HD-NM-2,6638679,10655,N00012672,Steve_Pearce,310708,0
11067,"Mike Pompeo",Mike,,Pompeo,,,2,R,1,Rep,HD-KS-4,8842438,125023,N00030744,Mike_Pompeo,284661,0
11069,"James Renacci",James,B.,Renacci,,,2,R,1,Rep,HD-OH-16,2900801,120678,N00031127,Jim_Renacci,284934,0
11070,"Reid Ribble",Reid,J.,Ribble,,,2,R,1,Rep,HD-WI-8,3175147,126240,N00030968,Reid_Ribble,284578,0
11071,"Scott Rigell","E. Scott",,Rigell,,,2,R,1,Rep,HD-VA-2,5724006,121807,N00030962,Scott_Rigell,285282,0
11072,"Todd Rokita",Todd,,Rokita,,,2,R,1,Rep,HD-IN-4,6592215,34167,N00031741,Todd_Rokita,218889,0
11073,"Dennis Ross",Dennis,,Ross,,,2,R,1,Rep,HD-FL-15,451808,12813,N00030645,Dennis_Ross,205890,0
11074,"Tim Scott",Tim,,Scott,,,2,R,2,Sen,HD-SC-1,6644860,11940,N00031782,Tim_Scott,272024,0
11076,"Marlin Stutzman",Marlin,A.,Stutzman,,,2,R,1,Rep,HD-IN-3,7399460,34230,N00030891,Marlin_Stutzman,212345,0
11077,"Tim Walberg",Tim,,Walberg,,,2,R,1,Rep,HD-MI-7,200642,8618,N00026368,Tim_Walberg,248304,0
11080,"Todd Young",Todd,C.,Young,,,2,R,1,Rep,SD-IN,7157141,120345,N00030670,Todd_Young,284637,0
11099,"Steve Womack",Steve,,Womack,,,2,R,1,Rep,HD-AR-3,9604218,71815,N00031857,Steve_Womack,285713,0
11100,"Rob Woodall",Rob,,Woodall,,,2,R,1,Rep,HD-GA-7,17657434,122251,N00032416,Rob_Woodall,286515,0
11120,"Lou Barletta",Lou,,Barletta,,,2,R,1,Rep,HD-PA-11,14995487,47143,N00025495,Lou_Barletta,266703,0
11122,"Dan Benishek",Dan,,Benishek,,,2,R,1,Rep,HD-MI-1,15406839,123056,N00031934,Dan_Benishek,286706,0
11123,"Jeff Denham",Jeff,,Denham,,,2,R,1,Rep,HD-CA-10,13008566,28769,N00031593,Jeff_Denham,211732,0
11124,"Scott DesJarlais",Scott,,DesJarlais,,,2,R,1,Rep,HD-TN-4,16586618,123473,N00030957,Scott_DesJarlais,285129,0
11126,"Robert Dold",Robert,J.,Dold,,,2,R,1,Rep,HD-IL-10,3286452,116548,N00031103,Robert_Dold,284445,0
11127,"Blake Farenthold",Blake,,Farenthold,,,2,R,1,Rep,HD-TX-27,15084130,116919,N00031672,Blake_Farenthold,287179,0
11128,"Michael Fitzpatrick",Michael,G.,Fitzpatrick,,,2,R,1,Rep,HD-PA-8,15240412,46971,N00027229,Michael_G._Fitzpatrick,226535,0
11129,"Charles Fleischmann",Charles,J.,Fleischmann,,Chuck,2,R,1,Rep,HD-TN-3,9391800,123456,N00030815,Charles_Fleischmann,285119,0
11130,"Christopher Gibson",Christopher,P.,Gibson,,,2,R,1,Rep,HD-NY-19,4739823,127042,N00031998,Chris_Gibson,287304,0
11132,"Morgan Griffith","H. Morgan",,Griffith,,,2,R,1,Rep,HD-VA-9,6276976,5148,N00032029,Morgan_Griffith,199430,0
11133,"Richard Hanna",Richard,L.,Hanna,,,2,R,1,Rep,HD-NY-22,4744200,110344,N00030197,Richard_Hanna,266914,0
11135,"Jaime Herrera Beutler",Jaime,,"Herrera Beutler",,,2,R,1,Rep,HD-WA-3,2951218,101907,N00031559,Jaime_Herrera_Beutler,229353,0
11136,"Randy Hultgren",Randy,,Hultgren,,,2,R,1,Rep,HD-IL-14,2767639,18199,N00031104,Randy_Hultgren,194314,0
11137,"Mike Kelly",Mike,,Kelly,,,2,R,1,Rep,HD-PA-3,5007914,119463,N00031647,Mike_Kelly_(Pennsylvania),286955,0
11138,"Raul Labrador",Raul,R.,Labrador,,,2,R,1,Rep,HD-ID-1,12999774,57391,N00031377,Raul_Labrador,249702,0
11139,"Tom Marino",Tom,,Marino,,,2,R,1,Rep,HD-PA-10,17657570,119478,N00031777,Tom_Marino,286966,0
11140,"Patrick Meehan",Patrick,,Meehan,,,2,R,1,Rep,HD-PA-7,17657569,119474,N00031134,Patrick_Meehan,284999,0
11141,"Richard Nugent",Richard,,Nugent,,,2,R,1,Rep,HD-FL-11,17657419,124333,N00032441,Richard_Nugent,288066,0
11143,"Steve Stivers",Steve,,Stivers,,,2,R,1,Rep,HD-OH-15,3672534,45333,N00029574,Steve_Stivers,213916,0
11144,"Scott Tipton",Scott,,Tipton,,,2,R,1,Rep,HD-CO-3,6022986,65403,N00027509,Scott_Tipton,267906,0
11145,"Daniel Webster",Daniel,,Webster,,,2,R,1,Rep,HD-FL-10,13011367,24302,N00026335,Daniel_Webster_(Florida),193483,0
11146,"Kevin Yoder",Kevin,,Yoder,,,2,R,1,Rep,HD-KS-3,6612812,34433,N00031502,Kevin_Yoder,212291,0
11159,"Robert Hurt",Robert,,Hurt,,,2,R,1,Rep,HD-VA-5,6613951,50895,N00031265,Robert_Hurt,209948,0
11162,"Colleen Hanabusa",Colleen,W.,Hanabusa,,,1,D,1,Rep,HD-HI-1,6401142,17745,N00025881,Colleen_Hanabusa,193912,0
11163,"Martha Roby",Martha,,Roby,,,2,R,1,Rep,HD-AL-2,17657350,71604,N00030768,Martha_Roby,283894,0
11164,"Austin Scott",Austin,,Scott,,,2,R,1,Rep,HD-GA-8,6805076,11812,N00032457,Austin_Scott,193858,0
11199,"Richard Blumenthal",Richard,,Blumenthal,,,1,D,2,Sen,SD-CT,6378136,1568,N00031685,Richard_Blumenthal,218586,0
11200,"Frederica Wilson",Frederica,S.,Wilson,,,1,D,1,Rep,HD-FL-24,12999016,17319,N00030650,Frederica_Wilson,211856,0
11201,"Terri Sewell",Terri,A.,Sewell,,,1,D,1,Rep,HD-AL-7,17657351,121621,N00030622,Terri_Sewell,283908,0
11271,"Cedric Richmond",Cedric,L.,Richmond,,,1,D,1,Rep,HD-LA-2,6410112,35384,N00030184,Cedric_Richmond,194997,0
11302,"Karen Bass",Karen,,Bass,,,1,D,1,Rep,HD-CA-37,22511,28963,N00031877,Karen_Bass,226476,0
11605,"Andy Harris",Andy,,Harris,,,2,R,1,Rep,HD-MD-1,4600723,19157,N00029147,Andy_Harris,195206,0
11606,"David Schweikert",David,,Schweikert,,,2,R,1,Rep,HD-AZ-6,8573431,106387,N00006460,David_Schweikert,267202,0
11799,"Justin Amash",Justin,,Amash,,,2,R,1,Rep,HD-MI-3,6676756,105566,N00031938,Justin_Amash,268350,0
11801,"Stephen Fincher",Stephen,Lee,Fincher,,,2,R,1,Rep,HD-TN-8,17657589,124659,N00031141,Stephen_Lee_Fincher,285151,0
11802,"Frank Guinta",Frank,C.,Guinta,,,2,R,1,Rep,HD-NH-1,6594570,42946,N00030801,Frank_Guinta,0,0
11803,"Kristi Noem",Kristi,L.,Noem,,,2,R,1,Rep,HD-SD,6669590,58189,N00032022,Kristi_Noem,0,0
11804,"Steven Palazzo",Steven,M.,Palazzo,,,2,R,1,Rep,HD-MS-4,6673196,69521,N00031958,Steven_Palazzo,249791,0
11806,"Joseph Heck",Joseph,J.,Heck,,,2,R,1,Rep,HD-NV-3,6665883,44082,N00031244,Joe_Heck,227661,0
11807,"David Cicilline",David,N.,Cicilline,,,1,D,1,Rep,HD-RI-1,6441236,7349,N00032019,David_Cicilline,198593,0
11867,"William Keating",William,R.,Keating,,Bill,1,D,1,Rep,HD-MA-9,17657478,4743,N00031933,Bill_Keating,286684,0
11893,"Rand Paul",Rand,,Paul,,,2,R,2,Sen,SD-KY,9337758,117285,N00030836,Rand_Paul,285781,0
11905,"Pat Toomey",Pat,,Toomey,,,2,R,2,Sen,SD-PA,4944091,24096,N00001489,Pat_Toomey,159045,0
11907,"Ron Johnson",Ron,,Johnson,,,2,R,2,Sen,SD-WI,2938769,126217,N00032546,Ron_Johnson_(Wisconsin),309565,0
11909,"Mike Lee",Mike,,Lee,,,2,R,2,Sen,SD-UT,19890610,66395,N00031696,Mike_Lee_(Utah),268656,0
11910,"Marco Rubio",Marco,,Rubio,,,2,R,2,Sen,SD-FL,12999040,1601,N00030612,Marco_Rubio,193597,0
11966,"Rob Portman",Rob,,Portman,,,2,R,2,Sen,SD-OH,3094681,27008,N00003682,Rob_Portman,159002,0
11967,"Daniel Coats",Daniel,,Coats,,,2,R,2,Sen,SD-IN,5312353,53291,N00003845,Dan_Coats,286556,0
11969,"Kelly Ayotte",Kelly,,Ayotte,,,2,R,2,Sen,SD-NH,137570,42352,N00030980,Kelly_Ayotte,244487,0
11971,"John Hoeven",John,,Hoeven,,,2,R,2,Sen,SD-ND,144736,41788,N00031688,John_Hoeven,209683,0
12191,"John Carney",John,,Carney,,,1,D,1,Rep,HD-DE,6415549,53658,N00030736,John_Carney_Jr.,209633,0
13187,"Janice Hahn",Janice,,Hahn,,,1,D,1,Rep,HD-CA-44,6498773,70502,N00006806,Janice_Hahn,348092,0
13318,"Mark Amodei",Mark,E.,Amodei,,,2,R,1,Rep,HD-NV-2,6596644,12537,N00031177,Mark_Amodei,197540,0
13869,"Suzanne Bonamici",Suzanne,,Bonamici,,,1,D,1,Rep,HD-OR-1,339835,59641,N00033474,Suzanne_Bonamici,249764,0
14026,"Thomas Massie",Thomas,,Massie,,,2,R,1,Rep,HD-KY-4,9195688,132068,N00034041,Thomas_Massie,391510,0
14071,"Donald Payne",Donald,,Payne,Jr.,,1,D,1,Rep,HD-NJ-10,17658196,26957,N00034639,Donald_Payne_Jr.,409583,0
14081,"Brian Schatz",Brian,,Schatz,,,1,D,2,Sen,SD-HI,6397188,17852,N00028138,Brian_Schatz,193945,0
14082,"Joyce Beatty",Joyce,,Beatty,,,1,D,1,Rep,HD-OH-3,2954872,2427,N00033904,Joyce_Beatty,197852,0
14083,"Doug Collins",Doug,,Collins,,,2,R,1,Rep,HD-GA-9,6671754,67851,N00033518,Doug_Collins,249158,0
14084,"Richard Hudson",Richard,,Hudson,,,2,R,1,Rep,HD-NC-8,6611759,136448,N00033630,Richard_Hudson,161542,0
14085,"Grace Meng",Grace,,Meng,,,1,D,1,Rep,HD-NY-6,4676224,69157,N00034547,Grace_Meng,271828,0
14086,"Richard Nolan",Richard,M.,Nolan,,,1,D,1,Rep,HD-MN-8,6255786,138505,N00021207,Rick_Nolan,378711,0
14090,"Suzan DelBene",Suzan,,DelBene,,,1,D,1,Rep,HD-WA-1,2610675,126272,N00030693,Suzan_DelBene,284676,0
14135,"Chris Collins",Chris,,Collins,,,2,R,1,Rep,HD-NY-27,4978019,139770,N00001285,Chris_Collins_(New_York),413516,0
14136,"Elizabeth Esty",Elizabeth,H.,Esty,,,1,D,1,Rep,HD-CT-5,12998330,72826,N00033217,Elizabeth_Esty,272156,0
14137,"Hakeem Jeffries",Hakeem,S.,Jeffries,,,1,D,1,Rep,HD-NY-8,13009236,55285,N00033640,Hakeem_Jeffries,250929,0
14138,"Sean Maloney",Sean,Patrick,Maloney,,,1,D,1,Rep,HD-NY-18,4512254,139760,N00034277,Sean_Maloney,413491,0
14672,"Jack Evans",Jack,,Evans,,,1,D,2,Sen,SD-002,5195175,72044,,Jack_Evans,210009,0
14676,"Mary Cheh",Mary,M.,Cheh,,,1,D,2,Sen,SD-003,19471341,72047,,Mary_Cheh,251959,0
14679,"Phil Mendelson",Phil,,Mendelson,,,1,D,2,Sen,SD-000,19506612,167065,,Phil_Mendelson,210019,0
14682,"Yvette Alexander",Yvette,,Alexander,,,1,D,2,Sen,SD-007,23425053,72081,,Yvette_Alexander_(District_of_Columbia),255546,0
14683,"Kenyan McDuffie",Kenyan,,McDuffie,,,1,D,2,Sen,SD-005,4760562,72072,,Kenyan_McDuffie,423120,0
14882,"Julia Brownley",Julia,,Brownley,,,1,D,1,Rep,HD-CA-26,1256839,59904,N00034254,Julia_Brownley,248455,0
14884,"Matthew Cartwright",Matthew,A.,Cartwright,,,1,D,1,Rep,HD-PA-17,15013323,136236,N00034128,Matt_Cartwright,392004,0
14886,"Paul Cook",Paul,,Cook,,,2,R,1,Rep,HD-CA-8,6553062,58121,N00034224,Paul_Cook_(California),248491,0
14887,"Tom Cotton",Tom,,Cotton,,,2,R,2,Sen,HD-AR-4,13607871,135651,N00033363,Tom_Cotton,378517,0
14888,"Kevin Cramer",Kevin,,Cramer,,,2,R,1,Rep,SD-ND,13010662,444,N00004614,Kevin_Cramer,240471,0
14889,"Steve Daines",Steve,,Daines,,,2,R,2,Sen,SD-MT,7687176,135720,N00033054,Steve_Daines,378524,0
14891,"Ron DeSantis",Ron,,DeSantis,,,2,R,1,Rep,HD-FL-6,17657831,137630,N00034746,Ron_DeSantis,424820,0
14893,"Lois Frankel",Lois,,Frankel,,,1,D,1,Rep,HD-FL-22,12998905,8102,N00002893,Lois_Frankel,193594,0
14897,"George Holding",George,,Holding,,,2,R,1,Rep,HD-NC-13,6367035,136462,N00033399,George_Holding,316283,0
14898,"Jared Huffman",Jared,,Huffman,,,1,D,1,Rep,HD-CA-2,13008447,59849,N00033030,Jared_Huffman,248432,0
14900,"Alan Lowenthal",Alan,S.,Lowenthal,,,1,D,1,Rep,HD-CA-47,2422636,16469,N00033274,Alan_Lowenthal,193083,0
14902,"Mark Meadows",Mark,,Meadows,,,2,R,1,Rep,HD-NC-11,5904346,136459,N00033631,Mark_Meadows_(North_Carolina),378689,0
14903,"Markwayne Mullin",Markwayne,,Mullin,,,2,R,1,Rep,HD-OK-2,12013169,135898,N00033410,Markwayne_Mullin,378700,0
14905,"Beto O'Rourke",Beto,,O'Rourke,,,1,D,1,Rep,HD-TX-16,17658418,78533,N00033540,Beto_O%27Rourke,378713,0
14906,"Scott Perry",Scott,,Perry,,,2,R,1,Rep,HD-PA-4,13005805,59980,N00034120,Scott_Perry,248703,0
14907,"Robert Pittenger",Robert,,Pittenger,,,2,R,1,Rep,HD-NC-9,5956762,41272,N00034416,Robert_Pittenger,212024,0
14909,"Tom Rice",Tom,,Rice,,,2,R,1,Rep,HD-SC-7,17658351,11763,N00033832,Tom_Rice_(South_Carolina),392043,0
14912,"Keith Rothfus",Keith,J.,Rothfus,,,2,R,1,Rep,HD-PA-12,15328020,119466,N00031253,Keith_Rothfus,284990,0
14915,"Matt Salmon",Matt,,Salmon,,,2,R,1,Rep,HD-AZ-5,16631721,22184,N00006446,Matt_Salmon,158712,0
14918,"Chris Stewart",Chris,,Stewart,,,2,R,1,Rep,HD-UT-2,17658507,135930,N00033932,Chris_Smith_(New_Jersey),392415,0
14920,"Juan Vargas",Juan,,Vargas,,,1,D,1,Rep,HD-CA-51,622640,29100,N00007021,Juan_Vargas,143356,0
14921,"Jackie Walorski",Jackie,,Walorski,,,2,R,1,Rep,HD-IN-2,6659187,34205,N00031226,Jackie_Walorski,227370,0
14922,"Randy Weber",Randy,K.,Weber,Sr.,,2,R,1,Rep,HD-TX-14,13006857,102026,N00033539,Randy_Weber,269711,0
14923,"Brad Wenstrup",Brad,R.,Wenstrup,,,2,R,1,Rep,HD-OH-2,2596103,135326,N00033310,Brad_Wenstrup,378835,0
14924,"Roger Williams",Roger,,Williams,,,2,R,1,Rep,HD-TX-25,17658466,50112,N00030602,Roger_Williams_(Texas),244512,0
14925,"Ted Yoho",Ted,S.,Yoho,,,2,R,1,Rep,HD-FL-3,17657842,137622,N00033220,Ted_Yoho,378855,0
15051,"Garland Barr",Garland,,Barr,,Andy,2,R,1,Rep,HD-KY-6,9192076,117290,N00031233,Andy_Barr,284674,0
15053,"Tammy Duckworth",Tammy,,Duckworth,,,1,D,1,Rep,SD-IL,17658669,57442,N00027860,Tammy_Duckworth,264841,0
15054,"Tulsi Gabbard",Tulsi,,Gabbard,,,1,D,1,Rep,HD-HI-2,6401344,129306,N00033281,Tulsi_Gabbard,378573,0
15204,"Daniel Kildee",Daniel,T.,Kildee,,,1,D,1,Rep,HD-MI-5,520771,136102,N00033395,Dan_Kildee,294255,0
15205,"Ami Bera",Ami,,Bera,,,1,D,1,Rep,HD-CA-7,12556998,120030,N00030717,Ami_Bera,284011,0
15206,"Rodney Davis",Rodney,,Davis,,,2,R,1,Rep,HD-IL-13,3054746,9622,N00034784,Rodney_Davis_(Illinois),160440,0
15207,"John Delaney",John,K.,Delaney,,,1,D,1,Rep,HD-MD-6,4985632,135143,N00033897,John_Delaney,391562,0
15212,"Jim Bridenstine",Jim,,Bridenstine,,,2,R,1,Rep,HD-OK-1,17658289,135894,N00033532,Jim_Bridenstine,378486,0
15213,"Susan Brooks",Susan,,Brooks,,,2,R,1,Rep,HD-IN-5,17657978,135988,N00033495,Susan_Brooks,378487,0
15214,"Cheri Bustos",Cheri,,Bustos,,,1,D,1,Rep,HD-IL-17,15306815,134964,N00033390,Cheri_Bustos,378493,0
15216,"Joaquin Castro",Joaquin,,Castro,,,1,D,1,Rep,HD-TX-20,6396620,49227,N00033316,Joaquin_Castro,212619,0
15217,"Tony Cardenas",Tony,,Cardenas,,,1,D,1,Rep,HD-CA-29,17657742,9754,N00033373,Tony_C%C3%A1rdenas,193068,0
15223,"Denny Heck",Denny,,Heck,,,1,D,1,Rep,HD-WA-10,2606434,126058,N00031557,Denny_Heck,284686,0
15224,"David Joyce",David,,Joyce,,,2,R,1,Rep,HD-OH-14,14885217,143052,N00035007,David_Joyce,439365,0
15225,"Joseph Kennedy",Joseph,,Kennedy,,,1,D,1,Rep,HD-MA-4,17658014,116845,N00034044,Joseph_Kennedy_III,397746,0
15226,"Derek Kilmer",Derek,,Kilmer,,,1,D,1,Rep,HD-WA-6,1230035,51516,N00034453,Derek_Kilmer,226622,0
15227,"Ann Kuster",Ann,M.,Kuster,,,1,D,1,Rep,HD-NH-2,9794994,122256,N00030875,Annie_Kuster,284835,0
15228,"Doug LaMalfa",Doug,,LaMalfa,,,2,R,1,Rep,HD-CA-1,1560957,29713,N00033987,Doug_LaMalfa,211738,0
15229,"Michelle Lujan Grisham",Michelle,,"Lujan Grisham",,,1,D,1,Rep,HD-NM-1,14043056,102404,N00029400,Michelle_Lujan_Grisham,378591,0
15230,"Luke Messer",Luke,,Messer,,,2,R,1,Rep,HD-IN-6,6659146,33997,N00012546,Luke_Messer,216650,0
15231,"Patrick Murphy",Patrick,,Murphy,,,1,D,1,Rep,HD-FL-18,323583,137652,N00033091,Patrick_Murphy_(Florida),378703,0
15234,"Mark Pocan",Mark,,Pocan,,,1,D,1,Rep,HD-WI-2,17658558,26238,N00033549,Mark_Pocan,199986,0
15235,"Scott Peters",Scott,H.,Peters,,,1,D,1,Rep,HD-CA-52,14148706,70351,N00033591,Scott_Peters,378729,0
15236,"Raul Ruiz",Raul,,Ruiz,,,1,D,1,Rep,HD-CA-36,17657757,136407,N00033510,Raul_Ruiz,291125,0
15237,"Krysten Sinema",Krysten,,Sinema,,,1,D,1,Rep,SD-AZ,6459171,28338,N00033983,Kyrsten_Sinema,227495,0
15238,"Eric Swalwell",Eric,,Swalwell,,,1,D,1,Rep,HD-CA-15,15742560,129529,N00033508,Eric_Swalwell,378800,0
15239,"Mark Takano",Mark,,Takano,,,1,D,1,Rep,HD-CA-41,17657771,22337,N00006701,Mark_Takano,378804,0
15240,"David Valadao",David,G.,Valadao,,,2,R,1,Rep,HD-CA-21,13008587,120200,N00033367,David_Valadao,289367,0
15241,"Marc Veasey",Marc,A.,Veasey,,,1,D,1,Rep,HD-TX-33,6453720,49671,N00033839,Marc_Veasey,228540,0
15242,"Filemon Vela",Filemon,,Vela,,,1,D,1,Rep,HD-TX-34,17658451,137719,N00034349,Filemon_Vela_(Texas_U.S._representative),405531,0
15243,"Ann Wagner",Ann,,Wagner,,,2,R,1,Rep,HD-MO-2,4493676,136083,N00033106,Ann_Wagner,378827,0
15313,"Ted Cruz",Ted,,Cruz,,,2,R,2,Sen,SD-TX,210204,135705,N00033085,Ted_Cruz,378522,0
15315,"Deb Fischer",Deb,,Fischer,,,2,R,2,Sen,SD-NE,13012823,41963,N00033443,Deb_Fischer,228296,0
15318,"Heidi Heitkamp",Heidi,,Heitkamp,,,1,D,2,Sen,SD-ND,2111551,41716,N00033782,Heidi_Heitkamp,391869,0
15348,"Angus King",Angus,S.,King,Jr.,,3,I,2,Sen,SD-ME,1792907,22381,N00034580,Angus_King,209655,0
15350,"Elizabeth Warren",Elizabeth,,Warren,,,1,D,2,Sen,SD-MA,1789719,141272,N00033492,Elizabeth_Warren,309189,0
15418,"Tim Kaine",Tim,,Kaine,,,1,D,2,Sen,SD-VA,5743146,50772,N00033177,Tim_Kaine,140385,0
15940,"Anita Bonds",Anita,,Bonds,,,1,D,2,Sen,SD-000,8971711,144344,,Anita_Bonds,451768,0
15941,"David Grosso",David,,Grosso,,,1,D,2,Sen,SD-000,19471377,72089,,David_Grosso,252366,0
16022,"Robin Kelly",Robin,,Kelly,,,1,D,1,Rep,HD-IL-2,2665398,33384,N00035215,Robin_Kelly,212680,0
16031,"Mark Sanford",Mark,,Sanford,,,2,R,1,Rep,HD-SC-1,6574045,21991,N00002424,Mark_Sanford_(South_Carolina),213216,0
16037,"Jason Smith",Jason,T.,Smith,,,2,R,1,Rep,HD-MO-8,6669122,59318,N00035282,Jason_Smith_(Missouri_representative),243054,0
16055,"Cory Booker",Cory,A.,Booker,,,1,D,2,Sen,SD-NJ,1987417,76151,N00035267,Cory_Booker,462025,0
16065,"Katherine Clark",Katherine,M.,Clark,,,1,D,1,Rep,HD-MA-5,20536475,35858,N00035278,Katherine_Clark,263010,0
16101,"Bradley Byrne",Bradley,,Byrne,,,2,R,1,Rep,HD-AL-1,6583839,27584,N00035380,Bradley_Byrne,212089,0
16236,"David Jolly",David,W.,Jolly,,,2,R,1,Rep,HD-FL-13,614118,146146,N00035717,David_Jolly,476590,0
16257,"Curt Clawson",Curt,,Clawson,,,2,R,1,Rep,HD-FL-19,24398239,148899,N00035854,Curt_Clawson,484474,0
16269,"Donald Norcross",Donald,,Norcross,,,1,D,1,Rep,HD-NJ-1,6498707,116277,N00036154,Donald_Norcross,282657,0
16270,"Dave Brat",Dave,,Brat,,,2,R,1,Rep,HD-VA-7,24351695,152270,N00036013,David_Brat,483772,0
16271,"Alma Adams",Alma,S.,Adams,,,1,D,1,Rep,HD-NC-12,5890773,5935,N00035451,Alma_Adams,196595,0
16440,"Elissa Silverman",Elissa,,Silverman,,,3,I,2,Sen,SD-000,19486941,167066,,Elissa_Silverman,508476,0
16441,"Charles Allen",Charles,,Allen,,,1,D,2,Sen,SD-006,19476234,144345,,Charles_Allen_(District_of_Columbia),273764,0
16442,"Brianne Nadeau",Brianne,,Nadeau,,,1,D,2,Sen,SD-001,32094383,72038,,Brianne_Nadeau,251483,0
16447,"Rick Allen",Rick,W.,Allen,,,2,R,1,Rep,HD-GA-12,6939101,136062,N00032240,Rick_Allen,378450,0
16448,"Brad Ashford",Brad,,Ashford,,,1,D,1,Rep,HD-NE-2,6561657,56766,N00005293,Brad_Ashford,248919,0
16449,"Brian Babin",Brian,,Babin,,,2,R,1,Rep,HD-TX-36,11282531,360,N00005736,Brian_Babin,481703,0
16450,"Mike Bishop",Mike,,Bishop,,,2,R,1,Rep,HD-MI-8,1603105,152471,N00036449,Michael_Bishop_(Michigan),195690,0
16451,"Rod Blum",Rod,,Blum,,,2,R,1,Rep,HD-IA-1,3203235,135714,N00033744,Rod_Blum,378476,0
16452,"Mike Bost",Mike,,Bost,,,2,R,1,Rep,HD-IL-12,6577297,6302,N00035420,Mike_Bost,194400,0
16453,"Ken Buck",Ken,,Buck,,,2,R,1,Rep,HD-CO-4,12004621,125319,N00030829,Ken_Buck,285181,0
16454,"Earl Carter",Earl,L.,Carter,,Buddy,2,R,1,Rep,HD-GA-1,6806386,32085,N00035346,Earl_%22Buddy%22_Carter,228474,0
16455,"Barbara Comstock",Barbara,,Comstock,,,2,R,1,Rep,HD-VA-10,6680418,112252,N00036023,Barbara_Comstock,282950,0
16456,"Ryan Costello",Ryan,A.,Costello,,,2,R,1,Rep,HD-PA-6,23442796,133557,N00031064,Ryan_Costello,288232,0
16457,"Carlos Curbelo",Carlos,,Curbelo,,,2,R,1,Rep,HD-FL-26,364479,137676,N00035403,Carlos_Curbelo,282520,0
16458,"Tom Emmer",Tom,,Emmer,,,2,R,1,Rep,HD-MN-6,12996955,38894,N00035440,Tom_Emmer,227769,0
16459,"Gwen Graham",Gwen,,Graham,,,1,D,1,Rep,HD-FL-2,25004777,146129,N00035688,Gwen_Graham,474480,0
16460,"Glenn Grothman",Glenn,,Grothman,,,2,R,1,Rep,HD-WI-6,2927726,3493,N00036409,Glenn_Grothman,199967,0
16461,"Cresent Hardy",Cresent,,Hardy,,,2,R,1,Rep,HD-NV-4,13009059,121872,N00035628,Cresent_Hardy,0,0
16462,"Jody Hice",Jody,B.,Hice,,,2,R,1,Rep,HD-GA-10,6805581,122246,N00032243,Jody_Hice,286516,0
16463,"French Hill",French,,Hill,,,2,R,1,Rep,HD-AR-2,9620575,146290,N00035792,French_Hill,475052,0
16464,"Will Hurd",Will,,Hurd,,,2,R,1,Rep,HD-TX-23,11895912,116911,N00031417,Will_Hurd,285248,0
16465,"Evan Jenkins",Evan,H.,Jenkins,,,2,R,1,Rep,HD-WV-3,7511614,8297,N00035531,Evan_Jenkins,200049,0
16466,"John Katko",John,,Katko,,,2,R,1,Rep,HD-NY-24,23598676,152546,N00035934,John_Katko,372325,0
16467,"Stephen Knight",Stephen,,Knight,,,2,R,1,Rep,HD-CA-25,13008615,71098,N00035820,Stephen_Knight,267746,0
16468,"Barry Loudermilk",Barry,,Loudermilk,,,2,R,1,Rep,HD-GA-11,12999116,31618,N00035347,Barry_Loudermilk,228409,0
16469,"Mia Love",Mia,B.,Love,,,2,R,1,Rep,HD-UT-4,17658514,135957,N00033842,Mia_Love,392417,0
16470,"Thomas MacArthur",Thomas,,MacArthur,,,2,R,1,Rep,HD-NJ-3,196708,152113,N00036155,Tom_MacArthur,489167,0
16471,"John Moolenaar",John,R.,Moolenaar,,,2,R,1,Rep,HD-MI-4,609969,37676,N00036275,John_Moolenaar,212920,0
16472,"Alexander Mooney",Alexander,,Mooney,,,2,R,1,Rep,HD-WV-2,1280122,19114,N00033814,Alexander_Mooney,195200,0
16473,"Dan Newhouse",Dan,,Newhouse,,,2,R,1,Rep,HD-WA-4,2971537,51522,N00036403,Dan_Newhouse,211847,0
16474,"Bruce Poliquin",Bruce,,Poliquin,,,2,R,1,Rep,HD-ME-2,6680655,120909,N00034584,Bruce_Poliquin,332312,0
16475,"John Ratcliffe",John,,Ratcliffe,,,2,R,1,Rep,HD-TX-4,18661779,147381,N00035972,John_Ratcliffe,478372,0
16476,"David Rouzer",David,,Rouzer,,,2,R,1,Rep,HD-NC-7,5876933,102964,N00033527,David_Rouzer,164497,0
16477,"Elise Stefanik",Elise,,Stefanik,,,2,R,1,Rep,HD-NY-21,21236694,152539,N00035523,Elise_Stefanik,247560,0
16478,"David Trott",David,,Trott,,,2,R,1,Rep,HD-MI-11,14515774,152477,N00035607,David_Trott,468215,0
16479,"Mimi Walters",Mimi,,Walters,,,2,R,1,Rep,HD-CA-45,13008846,29346,N00035391,Mimi_Walters,226571,0
16480,"Bruce Westerman",Bruce,,Westerman,,,2,R,1,Rep,HD-AR-4,6682617,119120,N00035527,Bruce_Westerman,290802,0
16481,"David Young",David,,Young,,,2,R,1,Rep,HD-IA-3,6056851,155218,N00035509,David_Young_(Iowa),236278,0
16482,"Lee Zeldin",Lee,,Zeldin,,,2,R,1,Rep,HD-NY-1,6684704,110252,N00029404,Lee_Zeldin,267328,0
16483,"Ryan Zinke",Ryan,,Zinke,,,2,R,1,Rep,HD-MT,6675530,104073,N00035616,Ryan_Zinke,271177,0
16485,"Bonnie Coleman",Bonnie,,Coleman,,,1,D,1,Rep,HD-NJ-12,6389632,24799,N00036158,Bonnie_Watson_Coleman,362925,0
16487,"Brendan Boyle",Brendan,F.,Boyle,,,1,D,1,Rep,HD-PA-13,13006066,47357,N00035307,Brendan_Boyle,269627,0
16488,"Don Beyer",Don,S.,Beyer,Jr.,,1,D,1,Rep,HD-VA-8,1579842,1707,N00036018,Don_Beyer,487540,0
16490,"Gary Palmer",Gary,J.,Palmer,,,2,R,1,Rep,HD-AL-6,22027757,146274,N00035691,Gary_Palmer,475776,0
16491,"Kathleen Rice",Kathleen,M.,Rice,,,1,D,1,Rep,HD-NY-4,6510977,127653,N00035927,Kathleen_Rice,489426,0
16492,"Mark DeSaulnier",Mark,,DeSaulnier,,,1,D,1,Rep,HD-CA-11,24686,69477,N00030709,Mark_DeSaulnier,248434,0
16493,"Mark Takai",Mark,,Takai,,,1,D,1,Rep,HD-HI-1,6397247,2602,N00035535,Mark_Takai,193955,0
16494,"Mark Walker",Mark,,Walker,,,2,R,1,Rep,HD-NC-6,17046217,146255,N00035311,Mark_Walker_(North_Carolina),462217,0
16495,"Norma Torres",Norma,J.,Torres,,,1,D,1,Rep,HD-CA-35,6485739,71284,N00036107,Norma_Torres,267783,0
16496,"Pete Aguilar",Pete,,Aguilar,,,1,D,1,Rep,HD-CA-31,17657748,70114,N00033997,Pete_Aguilar,397292,0
16497,"Ruben Gallego",Ruben,,Gallego,,,1,D,1,Rep,HD-AZ-7,6507394,123732,N00036097,Ruben_Gallego,293802,0
16498,"Seth Moulton",Seth,,Moulton,,,1,D,1,Rep,HD-MA-6,25004670,146299,N00035431,Seth_Moulton,464944,0
16499,"Steve Russell",Steve,,Russell,,,2,R,1,Rep,HD-OK-5,8743054,106528,N00036175,Steve_Russell,271940,0
16500,"Ted Lieu",Ted,,Lieu,,,1,D,1,Rep,HD-CA-33,2451821,1516,N00035825,Ted_Lieu,240581,0
16501,"Ralph Abraham",Ralph,Lee,Abraham,,,2,R,1,Rep,HD-LA-5,26395824,155414,N00036633,Ralph_Abraham,500558,0
16502,"Debbie Dingell",Debbie,,Dingell,,,1,D,1,Rep,HD-MI-12,252193,152482,N00036149,Debbie_Dingell,357079,0
16503,"Garret Graves",Garret,,Graves,,,2,R,1,Rep,HD-LA-6,26395838,155424,N00036135,Garret_Graves,160828,0
16504,"Brenda Lawrence",Brenda,L.,Lawrence,,,1,D,1,Rep,HD-MI-14,301691,78851,N00034068,Brenda_Lawrence_(Michigan),391655,0
16505,"Martha McSally",Martha,,McSally,,,2,R,1,Rep,SD-AZ,17657675,137299,N00033982,Martha_McSally,401802,0
16519,"Joni Ernst",Joni,,Ernst,,,2,R,2,Sen,SD-IA,6151700,128583,N00035483,Joni_Ernst,328986,0
16520,"David Perdue",David,,Perdue,,,2,R,2,Sen,SD-GA,12377537,151330,N00035516,David_Perdue,474720,0
16521,"Mike Rounds",Mike,,Rounds,,,2,R,2,Sen,SD-SD,6580808,7455,N00035187,Mike_Rounds,198882,0
16522,"Ben Sasse",Ben,,Sasse,,,2,R,2,Sen,SD-NE,23353806,150182,N00035544,Ben_Sasse,229398,0
16523,"Dan Sullivan",Dan,,Sullivan,,,2,R,2,Sen,SD-AK,39833727,114964,N00035774,Daniel_S._Sullivan,328336,0
16524,"Thom Tillis",Thom,,Tillis,,,2,R,2,Sen,SD-NC,5942566,57717,N00035492,Thom_Tillis_(North_Carolina),250143,0
16824,"Stacey Plaskett",Stacey,E.,Plaskett,,,1,D,1,Rep,HD-VI,0,155929,N00035000,Stacey_Plaskett,439826,0
17510,"Amata Radewagen",Amata,Coleman,Radewagen,,,1,D,1,Rep,HD-AS,0,128380,N00007635,Aumua_Amata_Radewagen,439739,0
17698,"Daniel Donovan",Daniel,M.,Donovan,Jr.,,2,R,1,Rep,HD-NY-11,5036479,126127,N00036928,Daniel_Donovan_(New_York),535544,0
17704,"Trent Kelly",Trent,,Kelly,,,2,R,1,Rep,HD-MS-1,29268676,156389,N00037003,Trent_Kelly,536266,0
17717,"Darin LaHood",Darin,,LaHood,,,2,R,1,Rep,HD-IL-18,2782492,128760,N00037031,Darin_LaHood,333096,0
17742,"Brandon Todd",Brandon,,Todd,,,1,D,2,Sen,SD-004,40588117,72071,,Brandon_Todd,273756,0
17743,"LaRuby May",LaRuby,,May,,,1,D,2,Sen,SD-008,17426585,142528,,LaRuby_May,536321,0
17958,"Warren Davidson",Warren,,Davidson,,,2,R,1,Rep,HD-OH-8,2882234,166760,N00038767,Warren_Davidson,565476,0
17972,"Robert White",Robert,,White,,,1,D,2,Sen,SD-000,17625725,177660,,Robert_White_(District_of_Columbia),508478,0
17980,"James Comer",James,,Comer,,,2,R,1,Rep,HD-KY-1,13000729,35169,N00038260,James_Comer_Jr.,205575,0
17981,"Dwight Evans",Dwight,,Evans,,,1,D,1,Rep,HD-PA-2,13006152,9128,N00038450,Dwight_Evans,198425,0
